{
    "data":{
        "attributes":{
            "uv":{
                "array":[0,0,0.25,0.25,0,0.25,0.25,0,0.5,0.25,0.25,0.25,0.5,0.25,0.75,0,0.75,0.25,0.75,0.25,1,0,1,0.25,0,0.25,0.25,0.5,0,0.5,0.25,0.25,0.5,0.5,0.25,0.5,0.5,0.5,0.75,0.25,0.75,0.5,0,0.75,0.25,0.5,0.25,0.75,0.25,0.5,0.5,0.75,0.25,0.75,0.5,0.75,0.75,0.5,0.75,0.75,0.75,0.5,1,0.75,0.75,0.75,0,1,0.25,0.75,0.2558,1,0.25,0.75,0.5,1,0.2558,1,0.5,1,0.75,0.75,0.75,1,0,0,0,0.25,0,0.25,0.25,0,0,0,0,0,0.5,0,0.25,0,0.75,0,0.5,0,0.5,0,1,0,0.75,0,1,0.25,1,0,1,0,1,0.5,1,0.25,1,0.25,1,0.75,1,0.5,1,0.5,1,1,1,0.75,1,0.75,0.75,1,1,1,1,1,0.75,1,0.5,1,0.75,1,0,1,0.2533,1,0.2508,1,0,0.75,0,1,0,1,0,0.5,0,0.75,0,0.75,0,0.25,0,0.5,0,0.5,0,0,0,0,0.25,0,0.5,0,0.5,0,0.75,0,1,0,1,0,1,0.25,1,0.25,1,0.5,1,0.5,1,0.75,1,0.75,1,1,1,1,0.75,1,0.75,1,0.5,1,0,1,0,1,0,0.75,0,0.75,0,0.5,0,0.5,0,0.25,0,0.25,0.2504,0.25,0,0,0,0.25,0,1,0.2512,0.75,0,0.75,0,0.75,0.2508,0.5,0,0.5,0,0.25,0.2508,0.5,0.2504,0.25,0.5,1,0.2533,1,0.2558,1,0.5,1,0.2508,1,1,0.75,0.75,0.5,0.7501,0.75,0.75,0.5,1,0.25,0.75,0.25,0.75,0.25,1,0,0.75,0,0.25,0,0.4992,0.25,0.5,0,0.2504,0.25,0.4983,0.5,0.4992,0.25,0.2508,0.5,0.4975,0.75,0.4983,0.5,0.2512,0.75,0.4986,0.982,0.4975,0.75,0.75,0.75,1,1,0.75,1,0.75,0.5,1,0.25,1,0.5,1,1,0.7501,0.75,0.75,1,0.75,0,0.4992,0.25,0.75,0.25,0.75,0.25,0.4983,0.5,0.75,0.5,0.75,0.5,0.4975,0.75,0.7501,0.75,0.7501,0.75,0.4986,0.982,0.75,1,0.25,0,0.5,0,0.5,0,0.75,0,0.25,0.25,0.5,0.25,0.5,0.25,0,0.5,0.5,0.5,0.5,0.5,1,0.5,0,0.75,0.5,0.75,0.5,0.75,0.4986,0.982,0,0.25,0,0,0.5,0,1,0,1,0.25,1,0.5,1,0.75,1,1,0.75,1,0.2558,1,0,1,0,0.75,0,0.5,0.25,0,0.2508,1,0.2512,0.75,0,0.5,0.4986,0.982,1,0.5,1,0.5,1,0.25,0.2504,0.25,0.2508,0.5,0.2512,0.75,0.2508,1,1,0.75,0.75,0.25,1,0.75,0.5,0,0.4992,0.25,0.4983,0.5,0.4975,0.75],
                "type":"Float32Array",
                "itemSize":2
            },
            "normal":{
                "array":[0.4026,0.368938,0.837703,0.412732,0.358531,0.837306,0.46614,0.300516,0.832087,0.226295,0.364818,0.903134,0.228248,0.361827,0.903836,0.199866,0.403974,0.892636,-0.228156,0.36198,0.903806,-0.226173,0.365001,0.903104,-0.199652,0.404279,0.892544,-0.413587,0.359111,0.836634,-0.403272,0.369701,0.837031,-0.467147,0.301157,0.831294,0.42494,0.222327,0.877468,0.42494,0.222327,0.877468,0.426252,0.221107,0.877132,0.098056,0.138646,0.985443,0.0979644,0.138737,0.985443,0.0977203,0.138951,0.985443,-0.0977813,0.138768,0.985473,-0.0978729,0.138676,0.985473,-0.0975066,0.139012,0.985473,0.362499,-0.0037843,0.931944,0.3661,0.00192267,0.93054,0.308664,-0.0862148,0.947233,0.077517,-0.100192,0.991913,0.0707419,-0.0888089,0.99353,0.0941191,-0.127995,0.987274,-0.0704978,-0.0887173,0.99353,-0.0773644,-0.100223,0.991943,-0.0938444,-0.127934,0.987304,-0.367473,0.00265511,0.929991,-0.363598,-0.00347911,0.931516,-0.309885,-0.0856044,0.946898,0.228523,-0.13123,0.964629,0.201544,-0.197089,0.959441,0.158361,-0.295755,0.942015,-0.0632954,-0.30903,0.948912,-0.0447096,-0.363842,0.930357,-0.0954924,-0.209387,0.973144,0.0446181,-0.363781,0.930387,0.0632344,-0.308634,0.949065,0.0953703,-0.20893,0.973235,0.840449,0.541856,0,0.840449,0.541856,0,0.840449,0.541856,0,0.619373,0.785089,0,0.619068,0.785333,0,0.619068,0.785333,0,0.619678,0.784814,0,0.619373,0.785089,0,-0.619373,0.785089,0,-0.619678,0.784814,0,-0.619678,0.784814,0,-0.619068,0.785333,0,-0.619373,0.785089,0,-0.840449,0.541856,0,-0.840449,0.541856,0,-0.840449,0.541856,0,-0.887631,0.460494,0,-0.887631,0.460494,0,-0.887631,0.460494,0,-0.966216,0.257637,0,-0.966216,0.257637,0,-0.966216,0.257637,0,-0.998962,-0.0451674,0,-0.998962,-0.0451674,0,-0.998962,-0.0451674,0,-0.473891,-0.880551,0.000152593,-0.473891,-0.880551,0,-0.473922,-0.880551,0,0.415204,-0.909696,-0.000122074,0.415204,-0.909696,0,0.415204,-0.909696,-6.1037e-05,0.47206,-0.881558,0,0.47206,-0.881558,0,0.47206,-0.881558,0,0.998962,-0.0451674,0,0.998962,-0.0451674,0,0.998962,-0.0451674,0,0.966216,0.257637,0,0.966216,0.257637,0,0.966216,0.257637,0,0.887631,0.460494,0,0.887631,0.460494,0,0.887631,0.460494,0,0.840449,0.541856,0,0.840449,0.541856,0,0.619373,0.785089,0,0.619678,0.784814,0,0.619678,0.784814,0,-0.619373,0.785089,0,-0.619068,0.785333,0,-0.619068,0.785333,0,-0.840449,0.541856,0,-0.840449,0.541856,0,-0.887631,0.460494,0,-0.887631,0.460494,0,-0.966216,0.257637,0,-0.966216,0.257637,0,-0.998962,-0.0451674,0,-0.998962,-0.0451674,0,-0.473861,-0.880581,0,-0.473861,-0.880581,9.15555e-05,0.415204,-0.909696,0,0.47206,-0.881558,0,0.47206,-0.881558,0,0.998962,-0.0451674,0,0.998962,-0.0451674,0,0.966216,0.257637,0,0.966216,0.257637,0,0.887631,0.460494,0,0.887631,0.460494,0,0.412732,0.358531,-0.837306,0.4026,0.368969,-0.837703,0.46614,0.300516,-0.832057,0.228523,-0.13123,-0.964629,0.201544,-0.197058,-0.959441,0.273629,-0.01236,-0.96173,0.362529,-0.0037843,-0.931944,0.366131,0.00192267,-0.93054,0.434156,0.115757,-0.893338,0.42494,0.222358,-0.877438,0.42497,0.222358,-0.877438,0.423872,0.223365,-0.877712,-0.414991,-0.909818,0,-0.414991,-0.909818,0,-0.414991,-0.909818,0,-0.414991,-0.909818,0,-0.414991,-0.909818,0,-0.363598,-0.00347911,-0.931516,-0.367473,0.00265511,-0.929991,-0.309885,-0.0856044,-0.946898,-0.426038,0.222999,-0.876766,-0.426008,0.223029,-0.876766,-0.424879,0.224067,-0.877071,-0.413587,0.359111,-0.836634,-0.403272,0.369701,-0.837031,-0.339946,0.431227,-0.835719,0.226295,0.364818,-0.903134,0.228248,0.361827,-0.903836,0.254097,0.321818,-0.912046,0.098056,0.138646,-0.985443,0.0979644,0.138737,-0.985443,0.0983306,0.138401,-0.985473,0.077517,-0.100192,-0.991913,0.0707114,-0.0888089,-0.99353,0.0516373,-0.0568255,-0.99704,-0.0632954,-0.30903,-0.948912,-0.0447096,-0.363842,-0.930357,-0.0151067,-0.447645,-0.89407,-0.202704,-0.196814,0.959227,-0.229499,-0.131687,0.964324,-0.159185,-0.295785,0.941893,-0.426038,0.222999,0.876766,-0.426008,0.223029,0.876766,-0.427412,0.221717,0.876431,-0.229408,-0.131901,-0.964324,-0.202582,-0.197089,-0.959197,-0.158971,-0.296243,-0.941771,-0.226173,0.365001,-0.903104,-0.228156,0.36198,-0.903806,-0.199652,0.404279,-0.892544,-0.0978729,0.138676,-0.985473,-0.0977813,0.138768,-0.985473,-0.0975066,0.139012,-0.985473,-0.0773644,-0.100223,-0.991943,-0.0704978,-0.0887173,-0.99353,-0.0938444,-0.127934,-0.987304,0.0631123,-0.309,-0.948943,0.0445265,-0.363994,-0.930296,0.0951567,-0.209601,-0.973113,0.339396,0.430555,0.836268,0.254097,0.321818,0.912046,-0.254097,0.321818,0.912046,-0.339946,0.431227,0.835719,0.423841,0.223334,0.877743,0.0983306,0.138401,0.985473,-0.098178,0.138401,0.985473,0.434126,0.115757,0.893368,0.0516373,-0.0568255,0.99704,-0.0515152,-0.0568255,0.99704,-0.435377,0.116092,0.892727,0.273629,-0.01236,0.96173,-0.0151067,-0.447645,0.89407,0.0150456,-0.447645,0.89407,0.415174,-0.909726,0,0.840449,0.541856,0,0.619068,0.785333,0,-0.619678,0.784814,0,-0.840449,0.541856,0,-0.887631,0.460494,0,-0.966216,0.257637,0,-0.998962,-0.0451674,0,-0.473861,-0.880581,0,0.415204,-0.909696,0,0.47206,-0.881558,0,0.998962,-0.0451674,0,0.966216,0.257637,0,0.887631,0.460494,0,0.339427,0.430586,-0.836268,0.158361,-0.295755,-0.942015,0.308695,-0.0862148,-0.947233,0.426283,0.221137,-0.877102,-0.414991,-0.909818,0,-0.435377,0.116092,-0.892727,-0.427412,0.221717,-0.876431,-0.467147,0.301157,-0.831294,0.199866,0.403974,-0.892636,0.0977203,0.138951,-0.985443,0.0941191,-0.127995,-0.987274,-0.0954924,-0.209387,-0.973144,-0.275002,-0.012421,0.961333,-0.424879,0.224067,0.877071,-0.275002,-0.012421,-0.961333,-0.254097,0.321818,-0.912046,-0.098178,0.138401,-0.985473,-0.0515152,-0.0568255,-0.99704,0.0150456,-0.447645,-0.89407],
                "type":"Float32Array",
                "itemSize":3
            },